,Year,Month,Date,Hour,Minutes,Seconds,Time,Number of People
"(datetime.datetime(2020, 11, 4, 16, 11, 53, 233399), 5)",2020, 11, 4, 16, 11, 53, 16: 11: 53PM,5
,,,,,,,,
"(datetime.datetime(2020, 11, 4, 16, 11, 5, 571790), 4)",2020, 11, 4, 16, 11," 5,"," 16: 11: 5,PM",4
,,,,,,,,
"(datetime.datetime(2020, 11, 4, 16, 11, 52, 307384), 5)",2020, 11, 4, 16, 11, 52, 16: 11: 52PM,5
,,,,,,,,
"(datetime.datetime(2020, 11, 4, 16, 12, 1, 554812), 6)",2020, 11, 4, 16, 12," 1,"," 16: 12: 1,PM",6
,,,,,,,,
"(datetime.datetime(2020, 11, 4, 16, 12, 15, 731044), 7)",2020, 11, 4, 16, 12, 15, 16: 12: 15PM,7
